Especie,n_items,suma_p2,Bi
S. acapulcoensis,16,0.1990060071167509,0.2683315961121816
S. flavilatus,16,0.3010190682008833,0.1548032457382746
